id,name,email,gender,salary,ip
1,Nilson,nburchnall0@soup.io,Male,1986,136.140.131.166
2,Raviv,rwasling1@nbcnews.com,Male,2006,93.59.73.83
3,Remington,regglestone2@webeden.co.uk,Male,1995,188.174.185.172
4,Edith,ebaxandall3@reuters.com,Female,1999,41.22.87.56
5,Bellanca,bprobbing4@abc.net.au,Female,1996,239.174.194.216
6,Nadia,ndignam5@washington.edu,Female,1995,67.67.40.63
7,Martin,mkinnie6@mit.edu,Male,2010,64.227.18.248
8,Emmey,ejakubiak7@tripod.com,Female,2004,168.81.238.162
9,Aleda,agawkroge8@tiny.cc,Female,1996,227.196.230.21
10,Valma,viacobetto9@mit.edu,Female,2003,179.208.165.173
11,Charlot,ccruikshanksa@cargocollective.com,Female,2009,237.205.0.142
12,Marice,mdecullipb@google.com,Female,2000,227.124.198.43
13,Daren,dcovolinic@fastcompany.com,Male,2011,20.91.209.32
14,Arri,abeebisd@booking.com,Male,2002,57.79.117.34
15,Matty,mbeerese@wsj.com,Male,2011,186.55.126.153
16,Alfonse,acrackerf@odnoklassniki.ru,Male,2006,233.243.146.77
17,Olag,omintyg@webeden.co.uk,Male,2000,5.220.255.170
18,Pepito,pgierckeh@ebay.com,Male,2000,86.196.154.29
19,Jefferson,jprimrosei@nhs.uk,Male,2004,0.252.196.32
20,Mira,mgorsj@merriam-webster.com,Female,2005,193.232.216.152
21,Pacorro,praynhamk@redcross.org,Male,2005,212.102.62.32
22,Godfree,gdineenl@paypal.com,Male,2006,195.34.128.211
23,Eduino,elourencom@vk.com,Male,2002,206.221.249.50
24,Kerk,kdunnann@delicious.com,Male,2010,187.130.218.181
25,Hollyanne,hgregorino@51.la,Female,2002,84.28.55.71
26,Cassie,cflecknellp@vistaprint.com,Male,1992,57.36.124.8
27,Baudoin,brushforthq@opera.com,Male,1999,122.229.120.190
28,Darcey,dverdyr@wisc.edu,Female,1996,255.126.186.189
29,Gunter,gduinkerks@blogs.com,Male,1992,58.237.148.133
30,Ugo,uinghamt@bloglines.com,Male,2007,151.69.28.81
31,Judd,jmerseyu@rambler.ru,Male,2008,184.144.82.143
32,Bealle,bmacaughtriev@ovh.net,Male,2012,206.255.166.82
33,Marlie,mscrauniagew@mapquest.com,Female,1998,89.114.211.79
34,Dalton,dduffieldx@theatlantic.com,Male,1963,166.1.42.69
35,Arnoldo,akirmondy@google.es,Male,1995,250.100.41.40
36,Anallise,agatherz@fda.gov,Female,1992,184.186.227.213
37,Millicent,mtill10@woothemes.com,Female,1996,91.47.28.201
38,Carla,cpohlak11@washingtonpost.com,Female,2011,100.89.96.237
39,Jerome,jcranna12@mediafire.com,Male,2012,120.27.214.61
40,Micky,mfancourt13@google.co.jp,Male,1999,94.145.76.93
41,Cordell,ccleare14@feedburner.com,Male,1992,123.66.180.156
42,Jermaine,jpakenham15@statcounter.com,Male,1992,25.241.197.20
43,Gwenora,gvaines16@weather.com,Female,1996,243.236.180.215
44,Darrell,djohl17@comcast.net,Male,2003,55.54.120.152
45,Zahara,zbramsen18@shutterfly.com,Female,2006,140.44.160.78
46,Deina,ddrewet19@nsw.gov.au,Female,2011,23.43.218.18
47,Roley,rmcgee1a@cnet.com,Male,2012,147.50.111.181
48,Adriane,amurt1b@marketwatch.com,Female,2003,51.168.176.43
49,Sumner,smcavinchey1c@opensource.org,Male,2009,80.179.36.151
50,Daniela,dspohr1d@globo.com,Female,2009,31.236.69.123
51,Caitrin,cchampneys1e@state.gov,Female,2003,224.119.90.126
52,Suzy,sgoadbie1f@abc.net.au,Female,2001,7.139.128.20
53,Andrea,aspry1g@example.com,Male,2005,247.221.226.56
54,Leia,lbromige1h@comsenz.com,Female,2009,252.141.95.99
55,Theo,tcozins1i@disqus.com,Male,1989,39.198.240.132
56,Maurice,mkane1j@forbes.com,Male,2009,12.209.22.74
57,Ulrike,usarchwell1k@alexa.com,Female,2012,252.17.187.43
58,Elaina,elochead1l@oracle.com,Female,2004,221.131.182.252
59,Tish,tvittore1m@unicef.org,Female,1996,165.67.205.84
60,Cris,cksandra1n@ustream.tv,Female,1997,232.132.246.159
61,Shandie,sowenson1o@ibm.com,Female,1996,7.232.46.38
62,Jonas,jwestmorland1p@sakura.ne.jp,Male,2006,81.217.18.159
63,Barri,bjimpson1q@loc.gov,Male,2009,235.178.121.133
64,Aleksandr,avasiliu1r@narod.ru,Male,1986,46.173.98.19
65,Adda,abernardini1s@usda.gov,Female,1993,252.185.111.148
66,Garry,gduckhouse1t@admin.ch,Male,1989,242.18.116.199
67,Danyelle,dmcwhin1u@unc.edu,Female,2000,59.161.7.149
68,Jacquelynn,jmylchreest1v@miitbeian.gov.cn,Female,2006,253.92.22.16
69,Ogden,oclausewitz1w@disqus.com,Male,1985,96.13.116.155
70,Christy,cpfeffle1x@constantcontact.com,Male,2002,186.130.158.104
71,Arlie,apitblado1y@behance.net,Female,2007,143.64.194.29
72,Loy,ljantzen1z@latimes.com,Male,2005,228.146.222.88
73,Christabella,clorkings20@archive.org,Female,2012,110.117.37.89
74,Brennan,bdefilippi21@samsung.com,Male,1985,168.146.183.65
75,Brady,bsabie22@netvibes.com,Male,2008,216.249.140.169
76,Nanine,nscurlock23@microsoft.com,Female,1997,84.150.206.201
77,Carlotta,charesnape24@amazon.co.jp,Female,1998,22.93.13.96
78,Jarrod,jmehaffey25@networkadvertising.org,Male,1999,229.103.140.141
79,Alicea,ayelyashev26@storify.com,Female,2009,95.135.37.28
80,Sheffie,splevey27@irs.gov,Male,2009,110.127.44.187
81,Karoly,ktremathick28@mashable.com,Male,2011,75.209.212.47
82,Ulric,upantridge29@mapquest.com,Male,2012,20.146.189.50
83,Adham,aliddyard2a@hubpages.com,Male,2007,112.119.152.70
84,Jameson,jsarl2b@quantcast.com,Male,1993,108.253.79.87
85,Bent,btyas2c@desdev.cn,Male,2007,8.129.221.250
86,Hinda,hgrivori2d@purevolume.com,Female,1966,149.159.110.67
87,Rad,rnewnham2e@dell.com,Male,2003,109.191.88.166
88,Burk,bgarratt2f@mlb.com,Male,2003,143.246.251.15
89,Opalina,obineham2g@abc.net.au,Female,2006,138.7.164.156
90,Eustacia,equartermaine2h@nationalgeographic.com,Female,2011,34.120.218.107
91,Connie,cbeard2i@spiegel.de,Female,2011,82.220.246.175
92,Florinda,felintune2j@clickbank.net,Female,2001,224.218.207.126
93,Sande,sbontoft2k@vinaora.com,Female,1992,228.189.102.245
94,Michaeline,mbuzza2l@tumblr.com,Female,2007,120.108.66.226
95,Guilbert,gscipsey2m@indiegogo.com,Male,2011,45.31.142.2
96,Skyler,sivakin2n@mtv.com,Male,2011,169.118.166.41
97,Clare,cgratland2o@google.co.uk,Male,2003,251.98.158.18
98,Jacklyn,jdecourt2p@wikipedia.org,Female,2006,33.61.83.27
99,Magdalena,mmaclean2q@elpais.com,Female,2008,143.112.147.238
100,Daffie,dbaldin2r@photobucket.com,Female,1996,90.20.90.142
